code,name,market
0050,元大台灣50,ETF
0056,元大高股息,ETF
00878,國泰永續高股息,ETF
00919,群益台灣精選高息,ETF
00929,復華台灣科技優息,ETF
00940,元大台灣價值高息,ETF
1101,台泥,上市
1301,台塑,上市
1303,南亞,上市
2002,中鋼,上市
2303,聯電,上市
2308,台達電,上市
2317,鴻海,上市
2327,國巨,上市
2330,台積電,上市
2357,華碩,上市
2376,技嘉,上市
2382,廣達,上市
2412,中華電,上市
2454,聯發科,上市
2603,長榮,上市
2609,陽明,上市
2615,萬海,上市
2618,長榮航,上市
2610,華航,上市
2881,富邦金,上市
2882,國泰金,上市
2891,中信金,上市
3008,大立光,上市
3017,奇鋐,上市
3034,聯詠,上市
3231,緯創,上市
3443,創意,上市
3661,世芯-KY,上市
3711,日月光投控,上市
6669,緯穎,上市
5347,世界,上櫃
6488,環球晶,上櫃
3529,力旺,上櫃
8299,群聯,上櫃
